[
  {
    "count": 1,
    "name": "Castle Key",
    "category": [
      "Acts"
    ],
    "progression": true
  },
  {
    "count": 1,
    "name": "Mines Key",
    "category": [
      "Acts"
    ],
    "progression": true
  },
  {
    "count": "5",
    "name": "Orb Removal Token",
    "category": [
      "Orbs"
    ],
    "filler": true
  },
  {
    "count": "2",
    "name": "Progressive Upgrades",
    "category": [
      "Orbs"
    ],
    "progression": true
  },
  {
    "count": "20",
    "name": "Orb Reward Token",
    "category": [
      "Orbs"
    ],
    "useful": true
  },
  {
    "count": "15",
    "name": "Relic Token",
    "category": [
      "Relics"
    ],
    "useful": true
  },
  {
    "count": "15",
    "name": "Event Participation Token",
    "category": [
      "Events"
    ],
    "useful": true
  },
  {
    "count": "15",
    "name": "Fire Random Direction",
    "category": [
      "Traps"
    ],
    "trap": true
  },
  {
    "count": "2",
    "name": "Boss Relic Token",
    "category": [
      "Relics"
    ],
    "useful": true
  },
  {
    "count": 1,
    "name": "Peglintuition",
    "category": [
      "Starting Items",
      "Relics"
    ],
    "useful": true
  },
  {
    "count": "5",
    "name": "Pebball",
    "category": [
      "Starting Items",
      "Orbs"
    ],
    "filler": true
  },
  {
    "count": "3",
    "name": "Custom Starting Orb",
    "category": [
      "Starting Items",
      "Orbs"
    ],
    "filler": true
  }
]